{"cameraMode":{"drawMode":0,"name":"Shaded","section":"Shading Mode"},"sceneLighting":true,"audioPlay":false,"sceneViewState":{"showFog":true,"showMaterialUpdate":false,"showSkybox":true,"showFlares":true,"showImageEffects":true,"showParticleSystems":true},"in2DMode":false,"pivot":{"x":-25.18657684326172,"y":-28.187164306640626,"z":43.484130859375},"rotation":{"x":-0.29276043176651,"y":0.266955703496933,"z":-0.08544082939624787,"w":-0.9142192006111145},"size":44.16874694824219,"orthographic":false}