{"cameraMode":{"drawMode":0,"name":"Shaded","section":"Shading Mode"},"sceneLighting":true,"audioPlay":false,"sceneViewState":{"showFog":true,"showMaterialUpdate":false,"showSkybox":true,"showFlares":true,"showImageEffects":true,"showParticleSystems":true},"in2DMode":false,"pivot":{"x":6.670540809631348,"y":14.755656242370606,"z":-13.397863388061524},"rotation":{"x":-0.3532520532608032,"y":0.2139001488685608,"z":-0.08326716721057892,"w":-0.9069736003875732},"size":2.188549280166626,"orthographic":false}